<?xml version="1.0" encoding="utf-8"?>
<doctrine-mapping xmlns="http://doctrine-project.org/schemas/orm/doctrine-mapping" xmlns:xsi="http://www.w3.org/2001/XMLSchema-instance" xsi:schemaLocation="http://doctrine-project.org/schemas/orm/doctrine-mapping http://doctrine-project.org/schemas/orm/doctrine-mapping.xsd">
  <entity name="AppBundle\Entity\Bmw" table="bmw">
    <id name="codcoche" type="integer" column="CodCoche">
      <generator strategy="IDENTITY"/>
    </id>
    <field name="modelo" type="string" column="Modelo" length="20" nullable="false">
      <options>
        <option name="fixed"/>
      </options>
    </field>
    <field name="anio" type="string" column="Anio" length="4" nullable="false">
      <options>
        <option name="fixed"/>
      </options>
    </field>
  </entity>
</doctrine-mapping>
